{
  "project_info": {
    "project_number": "282061815248",
    "firebase_url": "https://myfirebasetesting-61789.firebaseio.com",
    "project_id": "myfirebasetesting-61789",
    "storage_bucket": "myfirebasetesting-61789.appspot.com"
  },
  "client": [
    {
      "client_info": {
        "mobilesdk_app_id": "1:282061815248:android:5f97f8dc0145c07b",
        "android_client_info": {
          "package_name": "com.example.myfirebasetesting"
        }
      },
      "oauth_client": [
        {
          "client_id": "282061815248-skcnnbihv6qur8af18ujbph68glo0j61.apps.googleusercontent.com",
          "client_type": 3
        }
      ],
      "api_key": [
        {
          "current_key": "AIzaSyDeZZ2MIEQ4IFoF1l-EHf1fop0pDY55riQ"
        }
      ],
      "services": {
        "appinvite_service": {
          "other_platform_oauth_client": [
            {
              "client_id": "282061815248-skcnnbihv6qur8af18ujbph68glo0j61.apps.googleusercontent.com",
              "client_type": 3
            }
          ]
        }
      }
    }
  ],
  "configuration_version": "1"
}